case_id,intent,secondary_intent,multi_intent,trust_gate_tier,safety_risk,capability_issue,must_cover_fact,human_escalation_required,frustration_trajectory,one_line_reason,reference_resolution
AMZ_0001,,,,,,,,,,,
AMZ_0002,,,,,,,,,,,
AMZ_0003,,,,,,,,,,,
AMZ_0004,,,,,,,,,,,
AMZ_0005,,,,,,,,,,,
AMZ_0006,,,,,,,,,,,
AMZ_0007,,,,,,,,,,,
AMZ_0008,,,,,,,,,,,
AMZ_0009,,,,,,,,,,,
AMZ_0010,,,,,,,,,,,
AMZ_0011,,,,,,,,,,,
AMZ_0012,,,,,,,,,,,
AMZ_0013,,,,,,,,,,,
AMZ_0014,,,,,,,,,,,
AMZ_0015,,,,,,,,,,,
AMZ_0016,,,,,,,,,,,
AMZ_0017,,,,,,,,,,,
AMZ_0018,,,,,,,,,,,
AMZ_0019,,,,,,,,,,,
AMZ_0020,,,,,,,,,,,
AMZ_0021,,,,,,,,,,,
AMZ_0022,,,,,,,,,,,
AMZ_0023,,,,,,,,,,,
AMZ_0024,,,,,,,,,,,
AMZ_0025,,,,,,,,,,,
AMZ_0026,,,,,,,,,,,
AMZ_0027,,,,,,,,,,,
AMZ_0028,,,,,,,,,,,
AMZ_0029,,,,,,,,,,,
AMZ_0030,,,,,,,,,,,
AMZ_0031,,,,,,,,,,,
AMZ_0032,,,,,,,,,,,
AMZ_0033,,,,,,,,,,,
AMZ_0034,,,,,,,,,,,
AMZ_0035,,,,,,,,,,,
AMZ_0036,,,,,,,,,,,
AMZ_0037,,,,,,,,,,,
AMZ_0038,,,,,,,,,,,
AMZ_0039,,,,,,,,,,,
AMZ_0040,,,,,,,,,,,
AMZ_0041,,,,,,,,,,,
AMZ_0042,,,,,,,,,,,
AMZ_0043,,,,,,,,,,,
AMZ_0044,,,,,,,,,,,
AMZ_0045,,,,,,,,,,,
AMZ_0046,,,,,,,,,,,
AMZ_0047,,,,,,,,,,,
AMZ_0048,,,,,,,,,,,
AMZ_0049,,,,,,,,,,,
AMZ_0050,,,,,,,,,,,
AMZ_0051,,,,,,,,,,,
AMZ_0052,,,,,,,,,,,
AMZ_0053,,,,,,,,,,,
AMZ_0054,,,,,,,,,,,
AMZ_0055,,,,,,,,,,,
AMZ_0056,,,,,,,,,,,
AMZ_0057,,,,,,,,,,,
AMZ_0058,,,,,,,,,,,
AMZ_0059,,,,,,,,,,,
AMZ_0060,,,,,,,,,,,
AMZ_0061,,,,,,,,,,,
AMZ_0062,,,,,,,,,,,
AMZ_0063,,,,,,,,,,,
AMZ_0064,,,,,,,,,,,
AMZ_0065,,,,,,,,,,,
AMZ_0066,,,,,,,,,,,
AMZ_0067,,,,,,,,,,,
AMZ_0068,,,,,,,,,,,
AMZ_0069,,,,,,,,,,,
AMZ_0070,,,,,,,,,,,
AMZ_0071,,,,,,,,,,,
AMZ_0072,,,,,,,,,,,
AMZ_0073,,,,,,,,,,,
AMZ_0074,,,,,,,,,,,
AMZ_0075,,,,,,,,,,,
AMZ_0076,,,,,,,,,,,
AMZ_0077,,,,,,,,,,,
AMZ_0078,,,,,,,,,,,
AMZ_0079,,,,,,,,,,,
AMZ_0080,,,,,,,,,,,
AMZ_0081,,,,,,,,,,,
AMZ_0082,,,,,,,,,,,
AMZ_0083,,,,,,,,,,,
AMZ_0084,,,,,,,,,,,
AMZ_0085,,,,,,,,,,,
AMZ_0086,,,,,,,,,,,
AMZ_0087,,,,,,,,,,,
AMZ_0088,,,,,,,,,,,
AMZ_0089,,,,,,,,,,,
AMZ_0090,,,,,,,,,,,
AMZ_0091,,,,,,,,,,,
AMZ_0092,,,,,,,,,,,
AMZ_0093,,,,,,,,,,,
AMZ_0094,,,,,,,,,,,
AMZ_0095,,,,,,,,,,,
AMZ_0096,,,,,,,,,,,
AMZ_0097,,,,,,,,,,,
AMZ_0098,,,,,,,,,,,
AMZ_0099,,,,,,,,,,,
AMZ_0100,,,,,,,,,,,
AMZ_0101,,,,,,,,,,,
AMZ_0102,,,,,,,,,,,
AMZ_0103,,,,,,,,,,,
AMZ_0104,,,,,,,,,,,
AMZ_0105,,,,,,,,,,,
AMZ_0106,,,,,,,,,,,
AMZ_0107,,,,,,,,,,,
AMZ_0108,,,,,,,,,,,
AMZ_0109,,,,,,,,,,,
AMZ_0110,,,,,,,,,,,
AMZ_0111,,,,,,,,,,,
AMZ_0112,,,,,,,,,,,
AMZ_0113,,,,,,,,,,,
AMZ_0114,,,,,,,,,,,
AMZ_0115,,,,,,,,,,,
AMZ_0116,,,,,,,,,,,
AMZ_0117,,,,,,,,,,,
AMZ_0118,,,,,,,,,,,
AMZ_0119,,,,,,,,,,,
AMZ_0120,,,,,,,,,,,
AMZ_0121,,,,,,,,,,,
AMZ_0122,,,,,,,,,,,
AMZ_0123,,,,,,,,,,,
AMZ_0124,,,,,,,,,,,
AMZ_0125,,,,,,,,,,,
AMZ_0126,,,,,,,,,,,
AMZ_0127,,,,,,,,,,,
AMZ_0128,,,,,,,,,,,
AMZ_0129,,,,,,,,,,,
AMZ_0130,,,,,,,,,,,
AMZ_0131,,,,,,,,,,,
AMZ_0132,,,,,,,,,,,
AMZ_0133,,,,,,,,,,,
AMZ_0134,,,,,,,,,,,
AMZ_0135,,,,,,,,,,,
AMZ_0136,,,,,,,,,,,
AMZ_0137,,,,,,,,,,,
AMZ_0138,,,,,,,,,,,
AMZ_0139,,,,,,,,,,,
AMZ_0140,,,,,,,,,,,
AMZ_0141,,,,,,,,,,,
AMZ_0142,,,,,,,,,,,
AMZ_0143,,,,,,,,,,,
AMZ_0144,,,,,,,,,,,
AMZ_0145,,,,,,,,,,,
AMZ_0146,,,,,,,,,,,
AMZ_0147,,,,,,,,,,,
AMZ_0148,,,,,,,,,,,
AMZ_0149,,,,,,,,,,,
AMZ_0150,,,,,,,,,,,
AMZ_0151,,,,,,,,,,,
AMZ_0152,,,,,,,,,,,
AMZ_0153,,,,,,,,,,,
AMZ_0154,,,,,,,,,,,
AMZ_0155,,,,,,,,,,,
AMZ_0156,,,,,,,,,,,
AMZ_0157,,,,,,,,,,,
AMZ_0158,,,,,,,,,,,
AMZ_0159,,,,,,,,,,,
AMZ_0160,,,,,,,,,,,
AMZ_0161,,,,,,,,,,,
AMZ_0162,,,,,,,,,,,
AMZ_0163,,,,,,,,,,,
AMZ_0164,,,,,,,,,,,
AMZ_0165,,,,,,,,,,,
AMZ_0166,,,,,,,,,,,
AMZ_0167,,,,,,,,,,,
AMZ_0168,,,,,,,,,,,
AMZ_0169,,,,,,,,,,,
AMZ_0170,,,,,,,,,,,
AMZ_0171,,,,,,,,,,,
AMZ_0172,,,,,,,,,,,
AMZ_0173,,,,,,,,,,,
AMZ_0174,,,,,,,,,,,
AMZ_0175,,,,,,,,,,,
AMZ_0176,,,,,,,,,,,
AMZ_0177,,,,,,,,,,,
AMZ_0178,,,,,,,,,,,
AMZ_0179,,,,,,,,,,,
AMZ_0180,,,,,,,,,,,
AMZ_0181,,,,,,,,,,,
AMZ_0182,,,,,,,,,,,
AMZ_0183,,,,,,,,,,,
AMZ_0184,,,,,,,,,,,
AMZ_0185,,,,,,,,,,,
AMZ_0186,,,,,,,,,,,
AMZ_0187,,,,,,,,,,,
AMZ_0188,,,,,,,,,,,
AMZ_0189,,,,,,,,,,,
AMZ_0190,,,,,,,,,,,
AMZ_0191,,,,,,,,,,,
AMZ_0192,,,,,,,,,,,
AMZ_0193,,,,,,,,,,,
AMZ_0194,,,,,,,,,,,
AMZ_0195,,,,,,,,,,,
AMZ_0196,,,,,,,,,,,
AMZ_0197,,,,,,,,,,,
AMZ_0198,,,,,,,,,,,
AMZ_0199,,,,,,,,,,,
AMZ_0200,,,,,,,,,,,
